{
  "comment": [
    "This is a public list of repeaters offering topology information",
    "in the repeater-info.json format, e.g. for use in signal level display",
    "To have your repeater added to this list send mail to PE1CHL"
  ],
  "repeaterlist": [
    "PI6TEN",
    "PI3UTR",
    "PI2NOS"
  ],
  "info": {
    "PI2NOS": {
      "uri": "http://pi2nos.ampr.org/repeater-info.json"
    },
    "PI3UTR": {
      "uri": "http://pi3utr.ampr.org/repeater-info.json"
    },
    "PI6TEN": {
      "uri": "http://pi6ten.ampr.org/repeater-info.json"
    }
  }
}
